rarity_group,mineral_count,percentage_from_all,percentage_from_carbonates
Endemic,38,3.0844155844155843,16.30901287553648
Generally Rare,55,1.368840219014435,23.605150214592275
Transitional,97,4.505341384115188,41.63090128755365
Ubiquitous,43,6.134094151212553,18.4549356223176
